PROD_ID,PROD_NUM,PROD_DESC,RECIPE_NAME
010426_010206,010426_010206,N/A,Recipe1
030426_225619,030426_225619,N/A,Recipe2
040426_224944,040426_224944,N/A,Recipe3
060426_161840,060426_161840,N/A,Recipe4
070426_084536,070426_084536,N/A,Recipe5
090426_092005,090426_092005,N/A,Recipe6
100426_120437,100426_120437,N/A,Recipe7
120426_125428,120426_125428,N/A,Recipe1
130426_082408,130426_082408,N/A,Recipe2
150426_073654,150426_073654,N/A,Recipe3
170426_000937,170426_000937,N/A,Recipe4
180426_150921,180426_150921,N/A,Recipe5
190426_131003,190426_131003,N/A,Recipe6
210426_031950,210426_031950,N/A,Recipe7
220426_125754,220426_125754,N/A,Recipe1
240426_124131,240426_124131,N/A,Recipe2
250426_065653,250426_065653,N/A,Recipe3
260426_215414,260426_215414,N/A,Recipe4
280426_205154,280426_205154,N/A,Recipe5
300426_183739,300426_183739,N/A,Recipe6
